Workbook

Sheet Daily Inventory (Live Formulas)
A1: CARSON DAILY INVENTORY REPORT — MPC Carson Refinery | AORA Mass Balance System | Unit: Barrels
A2: # | B2: SAP Code (Table Name) | C2: Full Product Name | D2: Tank | E2: Opening Net Volume (BBLs) | F2: Opening Gravity | G2: Closing Net Volume (BBLs) | H2: Closing Gross Volume (BBLs) | I2: Level Feet | J2: Gravity (Closing) | K2: Temperature | L2: Total Water (BBLs) | M2: BSW Feet | N2: Volume of Available Product | O2: Remaining Capacity | P2: Inventory Change Net Vol (BBLs)
A3: 1. Acc_84Blendgrade — 84 Blendgrade
B4: Acc_84Blendgrade | C4: 84 Blendgrade | D4: LF_001 | E4: 31000 | F4: 57.2 | G4: 31000 | H4: 31000 | I4: 0 | J4: 57.2 | K4: 60 | L4: 0 | M4: 0 | N4: 31000 | O4: 369000 | P4: 0
D5: TK51 | E5: 58320.656 | F5: 60.74 | G5: 58172.037 | H5: 58244.26 | I5: 23.688 | J5: 60.74 | K5: 61.8 | L5: 114.756 | M5: 0.083 | N5: 58172.037 | O5: 341827.96 | P5: -148.619
B6: Acc_84Blendgrade | C6: 84 Blendgrade | D6: Total | E6: =E4+E5 | F6: =AVERAGE(F4,F5) | G6: =G4+G5 | H6: =H4+H5 | J6: =AVERAGE(J4,J5) | L6: =L4+L5 | N6: =N4+N5 | O6: =O4+O5 | P6: =P4+P5
A7: 2. Acc_84RegSuboctane — 84 Regular Suboctane CBG AZ
B8: Acc_84RegSuboctane | C8: 84 Regular Suboctane CBG AZ | D8: TK53 | E8: 19852.175 | F8: 62.802 | G8: 22670.985 | H8: 22639.29 | I8: 9.698 | J8: 62.861 | K8: 58 | L8: 0 | M8: 0 | N8: 22670.985 | O8: 377329.02 | P8: 2818.81
B9: Acc_84RegSuboctane | C9: 84 Regular Suboctane CBG AZ | D9: Total | E9: =E8 | F9: =AVERAGE(F8) | G9: =G8 | H9: =H8 | J9: =AVERAGE(J8) | L9: =L8 | N9: =N8 | O9: =O8 | P9: =P8
A10: 3. Acc_84RegularCARBOB — 84 Regular CARBOB
B11: Acc_84RegularCARBOB | C11: 84 Regular CARBOB | D11: TK41 | E11: 20162.021 | F11: 63.63 | G11: 35374.237 | H11: 35630.42 | I11: 15 | J11: 63.63 | K11: 70.2 | L11: 0 | M11: 0 | N11: 35374.237 | O11: 364625.76 | P11: 15212.216
D12: TK50 | E12: 69258.132 | F12: 62.529 | G12: 46977.937 | H12: 47242.02 | I12: 19.448 | J12: 62.663 | K12: 68 | L12: 0 | M12: 0 | N12: 46977.937 | O12: 353022.06 | P12: -22280.195
D13: TK54 | E13: 28887.496 | F13: 60 | G13: 126527.75 | H13: 127259.49 | I13: 40.875 | J13: 60 | K13: 68.4 | L13: 0 | M13: 0 | N13: 126527.75 | O13: 273472.25 | P13: 97640.252
D14: TK55 | E14: 67838.186 | F14: 62.1 | G14: 76802.676 | H14: 76717.52 | I14: 30.656 | J14: 62.1 | K14: 58.4 | L14: 0 | M14: 0 | N14: 76802.676 | O14: 323197.32 | P14: 8964.49
D15: TK65 | E15: 134787.36 | F15: 62.811 | G15: 134777.4 | H15: 136094.8 | I15: 43.5 | J15: 62.969 | K15: 73.8 | L15: 0 | M15: 0 | N15: 134777.4 | O15: 265222.6 | P15: -9.961
B16: Acc_84RegularCARBOB | C16: 84 Regular CARBOB | D16: Total | E16: =E11+E12+E13+E14+E15 | F16: =AVERAGE(F11,F12,F13,F14,F15) | G16: =G11+G12+G13+G14+G15 | H16: =H11+H12+H13+H14+H15 | J16: =AVERAGE(J11,J12,J13,J14,J15) | L16: =L11+L12+L13+L14+L15 | N16: =N11+N12+N13+N14+N15 | O16: =O11+O12+O13+O14+O15 | P16: =P11+P12+P13+P14+P15
A17: 4. Acc_89PremiumCARB — 89 Premium CARBOB
B18: Acc_89PremiumCARB | C18: 89 Premium CARBOB | D18: TK45 | E18: 79736.396 | F18: 65.44 | G18: 32836.07 | H18: 32939.5 | I18: 13.469 | J18: 65.44 | K18: 64.4 | L18: 0 | M18: 0 | N18: 32836.07 | O18: 367163.93 | P18: -46900.326
D19: TK52 | E19: 93417.766 | F19: 68.276 | G19: 97386.345 | H19: 98048.17 | I19: 38.896 | J19: 68.915 | K19: 69.2 | L19: 0 | M19: 0 | N19: 97386.345 | O19: 302613.66 | P19: 3968.579
B20: Acc_89PremiumCARB | C20: 89 Premium CARBOB | D20: Total | E20: =E18+E19 | F20: =AVERAGE(F18,F19) | G20: =G18+G19 | H20: =H18+H19 | J20: =AVERAGE(J18,J19) | L20: =L18+L19 | N20: =N18+N19 | O20: =O18+O19 | P20: =P18+P19
A21: 5. Acc_AlkyFeed — Alky Feed
B22: Acc_AlkyFeed | C22: Alky Feed | D22: TK682 | E22: 10397.41 | F22: 112 | G22: 10417.07 | H22: 10417.07 | I22: 26.854 | J22: 112 | K22: 65.8 | L22: 0 | M22: 0 | N22: 10417.07 | O22: 389582.93 | P22: 19.66
D23: TK76 | E23: 15837.625 | F23: 110 | G23: 18808.709 | H23: 18808.709 | I23: 0 | J23: 110 | K23: 76.924 | L23: 0 | M23: 0 | N23: 18808.709 | O23: 381191.29 | P23: 2971.084
D24: TK78 | E24: 4192.393 | F24: 107.76 | G24: 3792.62 | H24: 3792.62 | I24: 0 | J24: 107.76 | K24: 74.445 | L24: 0 | M24: 0 | N24: 3792.62 | O24: 396207.38 | P24: -399.773
B25: Acc_AlkyFeed | C25: Alky Feed | D25: Total | E25: =E22+E23+E24 | F25: =AVERAGE(F22,F23,F24) | G25: =G22+G23+G24 | H25: =H22+H23+H24 | J25: =AVERAGE(J22,J23,J24) | L25: =L22+L23+L24 | N25: =N22+N23+N24 | O25: =O22+O23+O24 | P25: =P22+P23+P24
A26: 6. Acc_Alkylate — Alkylate
B27: Acc_Alkylate | C27: Alkylate | D27: LF_005 | E27: 26000 | F27: 70 | G27: 26000 | H27: 26000 | I27: 0 | J27: 70 | K27: 60 | L27: 0 | M27: 0 | N27: 26000 | O27: 374000 | P27: 0
D28: TK31 | E28: 15330.008 | F28: 69.8 | G28: 19287.735 | H28: 19419.79 | I28: 10.708 | J28: 69.8 | K28: 69.2 | L28: 0 | M28: 0 | N28: 19287.735 | O28: 380712.27 | P28: 3957.727
D29: TK43 | E29: 52824.822 | F29: 66 | G29: 52819.057 | H29: 52864.52 | I29: 27.531 | J29: 66 | K29: 61.2 | L29: 0 | M29: 0 | N29: 52819.057 | O29: 347180.94 | P29: -5.765
D30: TK64 | E30: 33416.721 | F30: 67.8 | G30: 27828.114 | H30: 28235.84 | I30: 11.542 | J30: 67.8 | K30: 79.8 | L30: 0 | M30: 0 | N30: 27828.114 | O30: 372171.89 | P30: -5588.607
B31: Acc_Alkylate | C31: Alkylate | D31: Total | E31: =E27+E28+E29+E30 | F31: =AVERAGE(F27,F28,F29,F30) | G31: =G27+G28+G29+G30 | H31: =H27+H28+H29+H30 | J31: =AVERAGE(J27,J28,J29,J30) | L31: =L27+L28+L29+L30 | N31: =N27+N28+N29+N30 | O31: =O27+O28+O29+O30 | P31: =P27+P28+P29+P30
A32: 7. Acc_ChemPropylene — Chemical Grade Propylene
B33: Acc_ChemPropylene | C33: Chemical Grade Propylene | D33: TK398 | E33: 2035.89 | F33: 139.21 | G33: 2908.52 | H33: 2908.52 | I33: 18.778 | J33: 139.21 | K33: 66.227 | L33: 0 | M33: 0 | N33: 2908.52 | O33: 397091.48 | P33: 872.63
D34: TK399 | E34: 3794.26 | F34: 139.16 | G34: 4808.09 | H34: 4808.09 | I34: 26.619 | J34: 139.16 | K34: 66.813 | L34: 0 | M34: 0 | N34: 4808.09 | O34: 395191.91 | P34: 1013.83
B35: Acc_ChemPropylene | C35: Chemical Grade Propylene | D35: Total | E35: =E33+E34 | F35: =AVERAGE(F33,F34) | G35: =G33+G34 | H35: =H33+H34 | J35: =AVERAGE(J33,J34) | L35: =L33+L34 | N35: =N33+N34 | O35: =O33+O34 | P35: =P33+P34
A36: 8. Acc_Crude — Crude Mix
B37: Acc_Crude | C37: Crude Mix | D37: LF_004 | E37: 49000 | F37: 27 | G37: 49000 | H37: 49000 | I37: 0 | J37: 27 | K37: 60 | L37: 0 | M37: 0 | N37: 49000 | O37: 351000 | P37: 0
D38: TK13 | E38: 396563.69 | F38: 30.79 | G38: 339634.7 | H38: 337575.49 | I38: 46.354 | J38: 30.79 | K38: 46.4 | L38: 140.308 | M38: 0.083 | N38: 339634.7 | O38: 60365.3 | P38: -56928.991
D39: TK16 | E39: 80291.347 | F39: 29.7 | G39: 55214.268 | H39: 55386.52 | I39: 27.385 | J39: 29.7 | K39: 67 | L39: 0 | M39: 0 | N39: 55214.268 | O39: 344785.73 | P39: -25077.079
D40: TK17 | E40: 80983.897 | F40: 29.7 | G40: 56679.328 | H40: 57014 | I40: 28.375 | J40: 29.7 | K40: 73.2 | L40: 0 | M40: 0 | N40: 56679.328 | O40: 343320.67 | P40: -24304.569
D41: TK18 | E41: 67607.307 | F41: 29.9 | G41: 67619.514 | H41: 67812.78 | I41: 35.427 | J41: 29.9 | K41: 66.4 | L41: 0 | M41: 0 | N41: 67619.514 | O41: 332380.49 | P41: 12.206
D42: TK2 | E42: 26891.155 | F42: 33 | G42: 27873.89 | H42: 27990.33 | I42: 29.896 | J42: 33 | K42: 69 | L42: 31853 | M42: 16 | N42: 27873.89 | O42: 372126.11 | P42: 982.735
D43: TK3 | E43: 39226.178 | F43: 37.1 | G43: 19997.542 | H43: 19956.83 | I43: 10.552 | J43: 37.1 | K43: 55.8 | L43: 0 | M43: 0 | N43: 19997.542 | O43: 380002.46 | P43: -19228.637
D44: TK5 | E44: 19857.29 | F44: 31.1 | G44: 58531.625 | H44: 58711.87 | I44: 31.104 | J44: 31.1 | K44: 66.8 | L44: 131.93 | M44: 0.083 | N44: 58531.625 | O44: 341468.38 | P44: 38674.335
D45: TK6 | E45: 199110.61 | F45: 27.3 | G45: 166573.8 | H45: 167906.98 | I45: 38.698 | J45: 27.3 | K45: 78.4 | L45: 0 | M45: 0 | N45: 166573.8 | O45: 233426.2 | P45: -32536.806
D46: TK8 | E46: 81742.24 | F46: 27.3 | G46: 175204.45 | H46: 175946.95 | I46: 40.594 | J46: 27.3 | K46: 69.8 | L46: 0 | M46: 0 | N46: 175204.45 | O46: 224795.55 | P46: 93462.214
B47: Acc_Crude | C47: Crude Mix | D47: Total | E47: =E37+E38+E39+E40+E41+E42+E43+E44+E45+E46 | F47: =AVERAGE(F37,F38,F39,F40,F41,F42,F43,F44,F45,F46) | G47: =G37+G38+G39+G40+G41+G42+G43+G44+G45+G46 | H47: =H37+H38+H39+H40+H41+H42+H43+H44+H45+H46 | J47: =AVERAGE(J37,J38,J39,J40,J41,J42,J43,J44,J45,J46) | L47: =L37+L38+L39+L40+L41+L42+L43+L44+L45+L46 | N47: =N37+N38+N39+N40+N41+N42+N43+N44+N45+N46 | O47: =O37+O38+O39+O40+O41+O42+O43+O44+O45+O46 | P47: =P37+P38+P39+P40+P41+P42+P43+P44+P45+P46
A48: 9. Acc_DistillateStock — Distillate Stock
B49: Acc_DistillateStock | C49: Distillate Stock | D49: TK957 | E49: 84428.98 | F49: 29.2 | G49: 84106.413 | H49: 84577.51 | I49: 23.281 | J49: 29.2 | K49: 72.6 | L49: 0 | M49: 0 | N49: 84106.413 | O49: 315893.59 | P49: -322.567
D50: TK958 | E50: 28223.11 | F50: 34.7 | G50: 27010.431 | H50: 27113.19 | I50: 7.75 | J50: 34.7 | K50: 68.2 | L50: 1612.489 | M50: 0.167 | N50: 27010.431 | O50: 372989.57 | P50: -1212.679
B51: Acc_DistillateStock | C51: Distillate Stock | D51: Total | E51: =E49+E50 | F51: =AVERAGE(F49,F50) | G51: =G49+G50 | H51: =H49+H50 | J51: =AVERAGE(J49,J50) | L51: =L49+L50 | N51: =N49+N50 | O51: =O49+O50 | P51: =P49+P50
A52: 10. Acc_ExportDiesel — Export Diesel
B53: Acc_ExportDiesel | C53: Export Diesel | D53: TK56 | E53: 55789.86 | F53: 38.094 | G53: 36134.428 | H53: 36300.32 | I53: 14.604 | J53: 38.044 | K53: 69.6 | L53: 0 | M53: 0 | N53: 36134.428 | O53: 363865.57 | P53: -19655.432
D54: TK57 | E54: 17279.038 | F54: 37.839 | G54: 17327.599 | H54: 17286.63 | I54: 7.729 | J54: 37.797 | K54: 55 | L54: 0 | M54: 0 | N54: 17327.599 | O54: 382672.4 | P54: 48.561
D55: TK58 | E55: 39860.22 | F55: 37.605 | G55: 85852.503 | H55: 86682.05 | I55: 34.313 | J55: 37.517 | K55: 80.2 | L55: 0 | M55: 0 | N55: 85852.503 | O55: 314147.5 | P55: 45992.283
D56: TK59 | E56: 85676.153 | F56: 37.5 | G56: 12246.656 | H56: 12336.59 | I56: 4.938 | J56: 37.5 | K56: 75.4 | L56: 0 | M56: 0 | N56: 12246.656 | O56: 387753.34 | P56: -73429.496
D57: TK60 | E57: 92104.694 | F57: 40.17 | G57: 69422.448 | H57: 69605.51 | I57: 27.563 | J57: 40.17 | K57: 65.4 | L57: 0 | M57: 0 | N57: 69422.448 | O57: 330577.55 | P57: -22682.246
B58: Acc_ExportDiesel | C58: Export Diesel | D58: Total | E58: =E53+E54+E55+E56+E57 | F58: =AVERAGE(F53,F54,F55,F56,F57) | G58: =G53+G54+G55+G56+G57 | H58: =H53+H54+H55+H56+H57 | J58: =AVERAGE(J53,J54,J55,J56,J57) | L58: =L53+L54+L55+L56+L57 | N58: =N53+N54+N55+N56+N57 | O58: =O53+O54+O55+O56+O57 | P58: =P53+P54+P55+P56+P57
A59: 11. Acc_FuelOilBlndStck — Fuel Oil Blend Stock
B60: Acc_FuelOilBlndStck | C60: Fuel Oil Blend Stock | D60: TK152 | E60: 4093.738 | F60: 14.1 | G60: 4096.833 | H60: 4118 | I60: 20.875 | J60: 14.1 | K60: 73.2 | L60: 399 | M60: 2 | N60: 4096.833 | O60: 395903.17 | P60: 3.096
D61: TK84 | E61: 45900.439 | F61: 12.6 | G61: 45591.117 | H61: 45615.75 | I61: 40.458 | J61: 12.6 | K61: 61.4 | L61: 85.86 | M61: 0.333 | N61: 45591.117 | O61: 354408.88 | P61: -309.322
B62: Acc_FuelOilBlndStck | C62: Fuel Oil Blend Stock | D62: Total | E62: =E60+E61 | F62: =AVERAGE(F60,F61) | G62: =G60+G61 | H62: =H60+H61 | J62: =AVERAGE(J60,J61) | L62: =L60+L61 | N62: =N60+N61 | O62: =O60+O61 | P62: =P60+P61
A63: 12. Acc_HighSulSlurry — High Sulfur Slurry
B64: Acc_HighSulSlurry | C64: High Sulfur Slurry | D64: TK22 | E64: 35967.952 | F64: -2.7 | G64: 44790.481 | H64: 45279.5 | I64: 23.771 | J64: -2.7 | K64: 92.4 | L64: 0 | M64: 0 | N64: 44790.481 | O64: 355209.52 | P64: 8822.53
B65: Acc_HighSulSlurry | C65: High Sulfur Slurry | D65: Total | E65: =E64 | F65: =AVERAGE(F64) | G65: =G64 | H65: =H64 | J65: =AVERAGE(J64) | L65: =L64 | N65: =N64 | O65: =O64 | P65: =P64
A66: 13. Acc_HSFO — High Sulfur Fuel Oil
B67: Acc_HSFO | C67: High Sulfur Fuel Oil | D67: TK23 | E67: 10391.643 | F67: 6.2 | G67: 10407.047 | H67: 10550.32 | I67: 5.646 | J67: 6.2 | K67: 97.4 | L67: 0 | M67: 0 | N67: 10407.047 | O67: 389592.95 | P67: 15.403
B68: Acc_HSFO | C68: High Sulfur Fuel Oil | D68: Total | E68: =E67 | F68: =AVERAGE(F67) | G68: =G67 | H68: =H67 | J68: =AVERAGE(J67) | L68: =L67 | N68: =N67 | O68: =O67 | P68: =P67
A69: 14. Acc_HSVGO — High Sulfur Vaccum Gas Oil
B70: Acc_HSVGO | C70: High Sulfur Vaccum Gas Oil | D70: TK24 | E70: 46029.898 | F70: 19.84 | G70: 39922.623 | H70: 40159.16 | I70: 20.24 | J70: 19.84 | K70: 74.4 | L70: 0 | M70: 0 | N70: 39922.623 | O70: 360077.38 | P70: -6107.275
D71: TK25 | E71: 40295.71 | F71: 21.81 | G71: 34670.739 | H71: 35047.5 | I71: 17.594 | J71: 21.81 | K71: 85.8 | L71: 0 | M71: 0 | N71: 34670.739 | O71: 365329.26 | P71: -5624.971
D72: TK26 | E72: 38341.709 | F72: 19.72 | G72: 33474.392 | H72: 33786.58 | I72: 17.021 | J72: 19.72 | K72: 82.6 | L72: 0 | M72: 0 | N72: 33474.392 | O72: 366525.61 | P72: -4867.317
D73: TK61 | E73: 70019.056 | F73: 19.03 | G73: 72690.823 | H73: 75202.59 | I73: 29.958 | J73: 19.03 | K73: 141.6 | L73: 0 | M73: 0 | N73: 72690.823 | O73: 327309.18 | P73: 2671.767
B74: Acc_HSVGO | C74: High Sulfur Vaccum Gas Oil | D74: Total | E74: =E70+E71+E72+E73 | F74: =AVERAGE(F70,F71,F72,F73) | G74: =G70+G71+G72+G73 | H74: =H70+H71+H72+H73 | J74: =AVERAGE(J70,J71,J72,J73) | L74: =L70+L71+L72+L73 | N74: =N70+N71+N72+N73 | O74: =O70+O71+O72+O73 | P74: =P70+P71+P72+P73
A75: 15. Acc_HvyCatGasoline — Heavy Cat Gasoline
B76: Acc_HvyCatGasoline | C76: Heavy Cat Gasoline | D76: TK71 | E76: 78992.317 | F76: 76.9 | G76: 71040.494 | H76: 71757.35 | I76: 29.042 | J76: 76.9 | K76: 72.8 | L76: 0 | M76: 0 | N76: 71040.494 | O76: 328959.51 | P76: -7951.823
B77: Acc_HvyCatGasoline | C77: Heavy Cat Gasoline | D77: Total | E77: =E76 | F77: =AVERAGE(F76) | G77: =G76 | H77: =H76 | J77: =AVERAGE(J76) | L77: =L76 | N77: =N76 | O77: =O76 | P77: =P76
A78: 16. Acc_Isobutane — Isobutane
B79: Acc_Isobutane | C79: Isobutane | D79: TK88 | E79: 3459.2 | F79: 119.8 | G79: 3864.06 | H79: 3864.06 | I79: 17.896 | J79: 119.8 | K79: 66.961 | L79: 0 | M79: 0 | N79: 3864.06 | O79: 396135.94 | P79: 404.86
D80: TK89 | E80: 3492.78 | F80: 119.61 | G80: 2901.49 | H80: 2901.49 | I80: 15.061 | J80: 119.61 | K80: 65.872 | L80: 0 | M80: 0 | N80: 2901.49 | O80: 397098.51 | P80: -591.29
B81: Acc_Isobutane | C81: Isobutane | D81: Total | E81: =E79+E80 | F81: =AVERAGE(F79,F80) | G81: =G79+G80 | H81: =H79+H80 | J81: =AVERAGE(J79,J80) | L81: =L79+L80 | N81: =N79+N80 | O81: =O79+O80 | P81: =P79+P80
A82: 17. Acc_Isomerate — Isomerate
B83: Acc_Isomerate | C83: Isomerate | D83: TK69 | E83: 59946.676 | F83: 79.6 | G83: 57230.086 | H83: 57735.27 | I83: 23.438 | J83: 79.6 | K83: 71 | L83: 157 | M83: 0.25 | N83: 57230.086 | O83: 342769.91 | P83: -2716.59
D84: TK70 | E84: 55419.468 | F84: 79.6 | G84: 54812.998 | H84: 55279 | I84: 22.375 | J84: 79.6 | K84: 70.6 | L84: 0 | M84: 0 | N84: 54812.998 | O84: 345187 | P84: -606.47
B85: Acc_Isomerate | C85: Isomerate | D85: Total | E85: =E83+E84 | F85: =AVERAGE(F83,F84) | G85: =G83+G84 | H85: =H83+H84 | J85: =AVERAGE(J83,J84) | L85: =L83+L84 | N85: =N83+N84 | O85: =O83+O84 | P85: =P83+P84
A86: 18. Acc_JetBlendstock — Jet fuel Blendstock
B87: Acc_JetBlendstock | C87: Jet fuel Blendstock | D87: TK4 | E87: 30275.508 | F87: 41.48 | G87: 29746.635 | H87: 30038.61 | I87: 16.229 | J87: 41.48 | K87: 79.6 | L87: 0 | M87: 0 | N87: 29746.635 | O87: 370253.36 | P87: -528.873
B88: Acc_JetBlendstock | C88: Jet fuel Blendstock | D88: Total | E88: =E87 | F88: =AVERAGE(F87) | G88: =G87 | H88: =H87 | J88: =AVERAGE(J87) | L88: =L87 | N88: =N87 | O88: =O87 | P88: =P87
A89: 19. Acc_JetFuel — Jet Fuel
B90: Acc_JetFuel | C90: Jet Fuel | D90: TK32 | E90: 65146.362 | F90: 41.321 | G90: 64962.848 | H90: 65428.7 | I90: 34.688 | J90: 41.269 | K90: 74.4 | L90: 0 | M90: 0 | N90: 64962.848 | O90: 335037.15 | P90: -183.514
D91: TK33 | E91: 12953.649 | F91: 41.387 | G91: 58884.872 | H91: 59343 | I91: 31.375 | J91: 41.309 | K91: 75.6 | L91: 0 | M91: 0 | N91: 58884.872 | O91: 341115.13 | P91: 45931.223
D92: TK34 | E92: 45650.171 | F92: 41.595 | G92: 74196.58 | H92: 74321.44 | I92: 29.896 | J92: 41.497 | K92: 63.4 | L92: 0 | M92: 0 | N92: 74196.58 | O92: 325803.42 | P92: 28546.409
D93: TK40 | E93: 50191.36 | F93: 41.06 | G93: 37354.949 | H93: 37484.27 | I93: 15.094 | J93: 40.96 | K93: 67 | L93: 0 | M93: 0 | N93: 37354.949 | O93: 362645.05 | P93: -12836.411
D94: TK44 | E94: 78315.002 | F94: 41.254 | G94: 40292.43 | H94: 40512.82 | I94: 15.979 | J94: 41.232 | K94: 71 | L94: 0 | M94: 0 | N94: 40292.43 | O94: 359707.57 | P94: -38022.571
D95: TK49 | E95: 89499.117 | F95: 41.066 | G95: 71044.948 | H95: 71803.19 | I95: 28.594 | J95: 41.017 | K95: 81.4 | L95: 0 | M95: 0 | N95: 71044.948 | O95: 328955.05 | P95: -18454.169
B96: Acc_JetFuel | C96: Jet Fuel | D96: Total | E96: =E90+E91+E92+E93+E94+E95 | F96: =AVERAGE(F90,F91,F92,F93,F94,F95) | G96: =G90+G91+G92+G93+G94+G95 | H96: =H90+H91+H92+H93+H94+H95 | J96: =AVERAGE(J90,J91,J92,J93,J94,J95) | L96: =L90+L91+L92+L93+L94+L95 | N96: =N90+N91+N92+N93+N94+N95 | O96: =O90+O91+O92+O93+O94+O95 | P96: =P90+P91+P92+P93+P94+P95
A97: 20. Acc_KeroBlndStck — Unfinished Kerosene Blendstock
B98: Acc_KeroBlndStck | C98: Unfinished Kerosene Blendstock | D98: TK35 | E98: 59903.914 | F98: 40.11 | G98: 58832.559 | H98: 58918.58 | I98: 23.448 | J98: 40.11 | K98: 63 | L98: 0 | M98: 0 | N98: 58832.559 | O98: 341167.44 | P98: -1071.355
D99: TK773 | E99: 0 | F99: 42.44 | G99: 41912.12 | H99: 42102 | I99: 17 | J99: 42.44 | K99: 69 | L99: 0 | M99: 0 | N99: 41912.12 | O99: 358087.88 | P99: 41912.12
D100: TK96 | E100: 13982.54 | F100: 45 | G100: 14421.231 | H100: 14451 | I100: 29.5 | J100: 45 | K100: 64 | L100: 333 | M100: 0.5 | N100: 14421.231 | O100: 385578.77 | P100: 438.691
...

Sheet KPI-Table-Formula Reference
A1: KPI · TABLE · FORMULA REFERENCE — Formulas are live (click a cell → see formula in fx bar)
A2: Legend: ■ GREEN cell = SUM formula ■ YELLOW cell = AVERAGE formula ■ GREY cell = Raw Data (no aggregation) Click any formula cell → formula appears in fx bar above
A3: # | B3: SAP Code (Table Name) | C3: Full Product Name | D3: KPI Name | E3: KPI Col | F3: Formula (Live — shown in fx bar) | G3: Formula Type | H3: Tanks in Group
A4: 1 | B4: Acc_84Blendgrade | C4: 84 Blendgrade | D4: Opening Net Volume (BBLs) | E4: E | F4: ='Daily Inventory (Live Formulas)'!E4+'Daily Inventory (Live Formulas)'!E5 | G4: SUM | H4: LF_001, TK51
D5: Opening Gravity | E5: F | F5: =AVERAGE('Daily Inventory (Live Formulas)'!F4,'Daily Inventory (Live Formulas)'!F5) | G5: AVERAGE
D6: Closing Net Volume (BBLs) | E6: G | F6: ='Daily Inventory (Live Formulas)'!G4+'Daily Inventory (Live Formulas)'!G5 | G6: SUM
D7: Closing Gross Volume (BBLs) | E7: H | F7: ='Daily Inventory (Live Formulas)'!H4+'Daily Inventory (Live Formulas)'!H5 | G7: SUM
D8: Level Feet | E8: I | F8: ="'Daily Inventory (Live Formulas)'!I4 — Raw data, no formula" | G8: Raw Data
D9: Gravity (Closing) | E9: J | F9: =AVERAGE('Daily Inventory (Live Formulas)'!J4,'Daily Inventory (Live Formulas)'!J5) | G9: AVERAGE
D10: Temperature | E10: K | F10: ="'Daily Inventory (Live Formulas)'!K4 — Raw data, no formula" | G10: Raw Data
D11: Total Water (BBLs) | E11: L | F11: ='Daily Inventory (Live Formulas)'!L4+'Daily Inventory (Live Formulas)'!L5 | G11: SUM
D12: BSW Feet | E12: M | F12: ="'Daily Inventory (Live Formulas)'!M4 — Raw data, no formula" | G12: Raw Data
D13: Volume of Available Product (BBLs) | E13: N | F13: ='Daily Inventory (Live Formulas)'!N4+'Daily Inventory (Live Formulas)'!N5 | G13: SUM
D14: Remaining Capacity (BBLs) | E14: O | F14: ='Daily Inventory (Live Formulas)'!O4+'Daily Inventory (Live Formulas)'!O5 | G14: SUM
D15: Inventory Change Net Vol (BBLs) | E15: P | F15: ='Daily Inventory (Live Formulas)'!P4+'Daily Inventory (Live Formulas)'!P5 | G15: SUM
A16: 2 | B16: Acc_84RegSuboctane | C16: 84 Regular Suboctane CBG AZ | D16: Opening Net Volume (BBLs) | E16: E | F16: ='Daily Inventory (Live Formulas)'!E8 | G16: SUM | H16: TK53
D17: Opening Gravity | E17: F | F17: =AVERAGE('Daily Inventory (Live Formulas)'!F8) | G17: AVERAGE
D18: Closing Net Volume (BBLs) | E18: G | F18: ='Daily Inventory (Live Formulas)'!G8 | G18: SUM
D19: Closing Gross Volume (BBLs) | E19: H | F19: ='Daily Inventory (Live Formulas)'!H8 | G19: SUM
D20: Level Feet | E20: I | F20: ="'Daily Inventory (Live Formulas)'!I8 — Raw data, no formula" | G20: Raw Data
D21: Gravity (Closing) | E21: J | F21: =AVERAGE('Daily Inventory (Live Formulas)'!J8) | G21: AVERAGE
D22: Temperature | E22: K | F22: ="'Daily Inventory (Live Formulas)'!K8 — Raw data, no formula" | G22: Raw Data
D23: Total Water (BBLs) | E23: L | F23: ='Daily Inventory (Live Formulas)'!L8 | G23: SUM
D24: BSW Feet | E24: M | F24: ="'Daily Inventory (Live Formulas)'!M8 — Raw data, no formula" | G24: Raw Data
D25: Volume of Available Product (BBLs) | E25: N | F25: ='Daily Inventory (Live Formulas)'!N8 | G25: SUM
D26: Remaining Capacity (BBLs) | E26: O | F26: ='Daily Inventory (Live Formulas)'!O8 | G26: SUM
D27: Inventory Change Net Vol (BBLs) | E27: P | F27: ='Daily Inventory (Live Formulas)'!P8 | G27: SUM
A28: 3 | B28: Acc_84RegularCARBOB | C28: 84 Regular CARBOB | D28: Opening Net Volume (BBLs) | E28: E | F28: ='Daily Inventory (Live Formulas)'!E11+'Daily Inventory (Live Formulas)'!E12+'Daily Inventory (Live Formulas)'!E13+'Daily Inventory (Live Formulas)'!E14+'Daily Inventory (Live Formulas)'!E15 | G28: SUM | H28: TK41, TK50, TK54, TK55, TK65
D29: Opening Gravity | E29: F | F29: =AVERAGE('Daily Inventory (Live Formulas)'!F11,'Daily Inventory (Live Formulas)'!F12,'Daily Inventory (Live Formulas)'!F13,'Daily Inventory (Live Formulas)'!F14,'Daily Inventory (Live Formulas)'!F15) | G29: AVERAGE
D30: Closing Net Volume (BBLs) | E30: G | F30: ='Daily Inventory (Live Formulas)'!G11+'Daily Inventory (Live Formulas)'!G12+'Daily Inventory (Live Formulas)'!G13+'Daily Inventory (Live Formulas)'!G14+'Daily Inventory (Live Formulas)'!G15 | G30: SUM
D31: Closing Gross Volume (BBLs) | E31: H | F31: ='Daily Inventory (Live Formulas)'!H11+'Daily Inventory (Live Formulas)'!H12+'Daily Inventory (Live Formulas)'!H13+'Daily Inventory (Live Formulas)'!H14+'Daily Inventory (Live Formulas)'!H15 | G31: SUM
D32: Level Feet | E32: I | F32: ="'Daily Inventory (Live Formulas)'!I11 — Raw data, no formula" | G32: Raw Data
D33: Gravity (Closing) | E33: J | F33: =AVERAGE('Daily Inventory (Live Formulas)'!J11,'Daily Inventory (Live Formulas)'!J12,'Daily Inventory (Live Formulas)'!J13,'Daily Inventory (Live Formulas)'!J14,'Daily Inventory (Live Formulas)'!J15) | G33: AVERAGE
D34: Temperature | E34: K | F34: ="'Daily Inventory (Live Formulas)'!K11 — Raw data, no formula" | G34: Raw Data
D35: Total Water (BBLs) | E35: L | F35: ='Daily Inventory (Live Formulas)'!L11+'Daily Inventory (Live Formulas)'!L12+'Daily Inventory (Live Formulas)'!L13+'Daily Inventory (Live Formulas)'!L14+'Daily Inventory (Live Formulas)'!L15 | G35: SUM
D36: BSW Feet | E36: M | F36: ="'Daily Inventory (Live Formulas)'!M11 — Raw data, no formula" | G36: Raw Data
D37: Volume of Available Product (BBLs) | E37: N | F37: ='Daily Inventory (Live Formulas)'!N11+'Daily Inventory (Live Formulas)'!N12+'Daily Inventory (Live Formulas)'!N13+'Daily Inventory (Live Formulas)'!N14+'Daily Inventory (Live Formulas)'!N15 | G37: SUM
D38: Remaining Capacity (BBLs) | E38: O | F38: ='Daily Inventory (Live Formulas)'!O11+'Daily Inventory (Live Formulas)'!O12+'Daily Inventory (Live Formulas)'!O13+'Daily Inventory (Live Formulas)'!O14+'Daily Inventory (Live Formulas)'!O15 | G38: SUM
D39: Inventory Change Net Vol (BBLs) | E39: P | F39: ='Daily Inventory (Live Formulas)'!P11+'Daily Inventory (Live Formulas)'!P12+'Daily Inventory (Live Formulas)'!P13+'Daily Inventory (Live Formulas)'!P14+'Daily Inventory (Live Formulas)'!P15 | G39: SUM
A40: 4 | B40: Acc_89PremiumCARB | C40: 89 Premium CARBOB | D40: Opening Net Volume (BBLs) | E40: E | F40: ='Daily Inventory (Live Formulas)'!E18+'Daily Inventory (Live Formulas)'!E19 | G40: SUM | H40: TK45, TK52
D41: Opening Gravity | E41: F | F41: =AVERAGE('Daily Inventory (Live Formulas)'!F18,'Daily Inventory (Live Formulas)'!F19) | G41: AVERAGE
D42: Closing Net Volume (BBLs) | E42: G | F42: ='Daily Inventory (Live Formulas)'!G18+'Daily Inventory (Live Formulas)'!G19 | G42: SUM
D43: Closing Gross Volume (BBLs) | E43: H | F43: ='Daily Inventory (Live Formulas)'!H18+'Daily Inventory (Live Formulas)'!H19 | G43: SUM
D44: Level Feet | E44: I | F44: ="'Daily Inventory (Live Formulas)'!I18 — Raw data, no formula" | G44: Raw Data
D45: Gravity (Closing) | E45: J | F45: =AVERAGE('Daily Inventory (Live Formulas)'!J18,'Daily Inventory (Live Formulas)'!J19) | G45: AVERAGE
D46: Temperature | E46: K | F46: ="'Daily Inventory (Live Formulas)'!K18 — Raw data, no formula" | G46: Raw Data
D47: Total Water (BBLs) | E47: L | F47: ='Daily Inventory (Live Formulas)'!L18+'Daily Inventory (Live Formulas)'!L19 | G47: SUM
D48: BSW Feet | E48: M | F48: ="'Daily Inventory (Live Formulas)'!M18 — Raw data, no formula" | G48: Raw Data
D49: Volume of Available Product (BBLs) | E49: N | F49: ='Daily Inventory (Live Formulas)'!N18+'Daily Inventory (Live Formulas)'!N19 | G49: SUM
D50: Remaining Capacity (BBLs) | E50: O | F50: ='Daily Inventory (Live Formulas)'!O18+'Daily Inventory (Live Formulas)'!O19 | G50: SUM
D51: Inventory Change Net Vol (BBLs) | E51: P | F51: ='Daily Inventory (Live Formulas)'!P18+'Daily Inventory (Live Formulas)'!P19 | G51: SUM
A52: 5 | B52: Acc_AlkyFeed | C52: Alky Feed | D52: Opening Net Volume (BBLs) | E52: E | F52: ='Daily Inventory (Live Formulas)'!E22+'Daily Inventory (Live Formulas)'!E23+'Daily Inventory (Live Formulas)'!E24 | G52: SUM | H52: TK682, TK76, TK78
D53: Opening Gravity | E53: F | F53: =AVERAGE('Daily Inventory (Live Formulas)'!F22,'Daily Inventory (Live Formulas)'!F23,'Daily Inventory (Live Formulas)'!F24) | G53: AVERAGE
D54: Closing Net Volume (BBLs) | E54: G | F54: ='Daily Inventory (Live Formulas)'!G22+'Daily Inventory (Live Formulas)'!G23+'Daily Inventory (Live Formulas)'!G24 | G54: SUM
D55: Closing Gross Volume (BBLs) | E55: H | F55: ='Daily Inventory (Live Formulas)'!H22+'Daily Inventory (Live Formulas)'!H23+'Daily Inventory (Live Formulas)'!H24 | G55: SUM
D56: Level Feet | E56: I | F56: ="'Daily Inventory (Live Formulas)'!I22 — Raw data, no formula" | G56: Raw Data
D57: Gravity (Closing) | E57: J | F57: =AVERAGE('Daily Inventory (Live Formulas)'!J22,'Daily Inventory (Live Formulas)'!J23,'Daily Inventory (Live Formulas)'!J24) | G57: AVERAGE
D58: Temperature | E58: K | F58: ="'Daily Inventory (Live Formulas)'!K22 — Raw data, no formula" | G58: Raw Data
D59: Total Water (BBLs) | E59: L | F59: ='Daily Inventory (Live Formulas)'!L22+'Daily Inventory (Live Formulas)'!L23+'Daily Inventory (Live Formulas)'!L24 | G59: SUM
D60: BSW Feet | E60: M | F60: ="'Daily Inventory (Live Formulas)'!M22 — Raw data, no formula" | G60: Raw Data
D61: Volume of Available Product (BBLs) | E61: N | F61: ='Daily Inventory (Live Formulas)'!N22+'Daily Inventory (Live Formulas)'!N23+'Daily Inventory (Live Formulas)'!N24 | G61: SUM
D62: Remaining Capacity (BBLs) | E62: O | F62: ='Daily Inventory (Live Formulas)'!O22+'Daily Inventory (Live Formulas)'!O23+'Daily Inventory (Live Formulas)'!O24 | G62: SUM
D63: Inventory Change Net Vol (BBLs) | E63: P | F63: ='Daily Inventory (Live Formulas)'!P22+'Daily Inventory (Live Formulas)'!P23+'Daily Inventory (Live Formulas)'!P24 | G63: SUM
A64: 6 | B64: Acc_Alkylate | C64: Alkylate | D64: Opening Net Volume (BBLs) | E64: E | F64: ='Daily Inventory (Live Formulas)'!E27+'Daily Inventory (Live Formulas)'!E28+'Daily Inventory (Live Formulas)'!E29+'Daily Inventory (Live Formulas)'!E30 | G64: SUM | H64: LF_005, TK31, TK43, TK64
D65: Opening Gravity | E65: F | F65: =AVERAGE('Daily Inventory (Live Formulas)'!F27,'Daily Inventory (Live Formulas)'!F28,'Daily Inventory (Live Formulas)'!F29,'Daily Inventory (Live Formulas)'!F30) | G65: AVERAGE
D66: Closing Net Volume (BBLs) | E66: G | F66: ='Daily Inventory (Live Formulas)'!G27+'Daily Inventory (Live Formulas)'!G28+'Daily Inventory (Live Formulas)'!G29+'Daily Inventory (Live Formulas)'!G30 | G66: SUM
D67: Closing Gross Volume (BBLs) | E67: H | F67: ='Daily Inventory (Live Formulas)'!H27+'Daily Inventory (Live Formulas)'!H28+'Daily Inventory (Live Formulas)'!H29+'Daily Inventory (Live Formulas)'!H30 | G67: SUM
D68: Level Feet | E68: I | F68: ="'Daily Inventory (Live Formulas)'!I27 — Raw data, no formula" | G68: Raw Data
D69: Gravity (Closing) | E69: J | F69: =AVERAGE('Daily Inventory (Live Formulas)'!J27,'Daily Inventory (Live Formulas)'!J28,'Daily Inventory (Live Formulas)'!J29,'Daily Inventory (Live Formulas)'!J30) | G69: AVERAGE
D70: Temperature | E70: K | F70: ="'Daily Inventory (Live Formulas)'!K27 — Raw data, no formula" | G70: Raw Data
D71: Total Water (BBLs) | E71: L | F71: ='Daily Inventory (Live Formulas)'!L27+'Daily Inventory (Live Formulas)'!L28+'Daily Inventory (Live Formulas)'!L29+'Daily Inventory (Live Formulas)'!L30 | G71: SUM
D72: BSW Feet | E72: M | F72: ="'Daily Inventory (Live Formulas)'!M27 — Raw data, no formula" | G72: Raw Data
D73: Volume of Available Product (BBLs) | E73: N | F73: ='Daily Inventory (Live Formulas)'!N27+'Daily Inventory (Live Formulas)'!N28+'Daily Inventory (Live Formulas)'!N29+'Daily Inventory (Live Formulas)'!N30 | G73: SUM
D74: Remaining Capacity (BBLs) | E74: O | F74: ='Daily Inventory (Live Formulas)'!O27+'Daily Inventory (Live Formulas)'!O28+'Daily Inventory (Live Formulas)'!O29+'Daily Inventory (Live Formulas)'!O30 | G74: SUM
D75: Inventory Change Net Vol (BBLs) | E75: P | F75: ='Daily Inventory (Live Formulas)'!P27+'Daily Inventory (Live Formulas)'!P28+'Daily Inventory (Live Formulas)'!P29+'Daily Inventory (Live Formulas)'!P30 | G75: SUM
A76: 7 | B76: Acc_ChemPropylene | C76: Chemical Grade Propylene | D76: Opening Net Volume (BBLs) | E76: E | F76: ='Daily Inventory (Live Formulas)'!E33+'Daily Inventory (Live Formulas)'!E34 | G76: SUM | H76: TK398, TK399
D77: Opening Gravity | E77: F | F77: =AVERAGE('Daily Inventory (Live Formulas)'!F33,'Daily Inventory (Live Formulas)'!F34) | G77: AVERAGE
D78: Closing Net Volume (BBLs) | E78: G | F78: ='Daily Inventory (Live Formulas)'!G33+'Daily Inventory (Live Formulas)'!G34 | G78: SUM
D79: Closing Gross Volume (BBLs) | E79: H | F79: ='Daily Inventory (Live Formulas)'!H33+'Daily Inventory (Live Formulas)'!H34 | G79: SUM
D80: Level Feet | E80: I | F80: ="'Daily Inventory (Live Formulas)'!I33 — Raw data, no formula" | G80: Raw Data
D81: Gravity (Closing) | E81: J | F81: =AVERAGE('Daily Inventory (Live Formulas)'!J33,'Daily Inventory (Live Formulas)'!J34) | G81: AVERAGE
D82: Temperature | E82: K | F82: ="'Daily Inventory (Live Formulas)'!K33 — Raw data, no formula" | G82: Raw Data
D83: Total Water (BBLs) | E83: L | F83: ='Daily Inventory (Live Formulas)'!L33+'Daily Inventory (Live Formulas)'!L34 | G83: SUM
D84: BSW Feet | E84: M | F84: ="'Daily Inventory (Live Formulas)'!M33 — Raw data, no formula" | G84: Raw Data
D85: Volume of Available Product (BBLs) | E85: N | F85: ='Daily Inventory (Live Formulas)'!N33+'Daily Inventory (Live Formulas)'!N34 | G85: SUM
D86: Remaining Capacity (BBLs) | E86: O | F86: ='Daily Inventory (Live Formulas)'!O33+'Daily Inventory (Live Formulas)'!O34 | G86: SUM
D87: Inventory Change Net Vol (BBLs) | E87: P | F87: ='Daily Inventory (Live Formulas)'!P33+'Daily Inventory (Live Formulas)'!P34 | G87: SUM
A88: 8 | B88: Acc_Crude | C88: Crude Mix | D88: Opening Net Volume (BBLs) | E88: E | F88: ='Daily Inventory (Live Formulas)'!E37+'Daily Inventory (Live Formulas)'!E38+'Daily Inventory (Live Formulas)'!E39+'Daily Inventory (Live Formulas)'!E40+'Daily Inventory (Live Formulas)'!E41+'Daily Inventory (Live Formulas)'!E42+'Daily Inventory (Live Formulas)'!E43+'Daily Inventory (Live Formulas)'!E44+'Daily Inventory (Live Formulas)'!E45+'Daily Inventory (Live Formulas)'!E46 | G88: SUM | H88: LF_004, TK13, TK16, TK17, TK18, TK2, TK3, TK5, TK6, TK8
D89: Opening Gravity | E89: F | F89: =AVERAGE('Daily Inventory (Live Formulas)'!F37,'Daily Inventory (Live Formulas)'!F38,'Daily Inventory (Live Formulas)'!F39,'Daily Inventory (Live Formulas)'!F40,'Daily Inventory (Live Formulas)'!F41,'Daily Inventory (Live Formulas)'!F42,'Daily Inventory (Live Formulas)'!F43,'Daily Inventory (Live Formulas)'!F44,'Daily Inventory (Live Formulas)'!F45,'Daily Inventory (Live Formulas)'!F46) | G89: AVERAGE
D90: Closing Net Volume (BBLs) | E90: G | F90: ='Daily Inventory (Live Formulas)'!G37+'Daily Inventory (Live Formulas)'!G38+'Daily Inventory (Live Formulas)'!G39+'Daily Inventory (Live Formulas)'!G40+'Daily Inventory (Live Formulas)'!G41+'Daily Inventory (Live Formulas)'!G42+'Daily Inventory (Live Formulas)'!G43+'Daily Inventory (Live Formulas)'!G44+'Daily Inventory (Live Formulas)'!G45+'Daily Inventory (Live Formulas)'!G46 | G90: SUM
D91: Closing Gross Volume (BBLs) | E91: H | F91: ='Daily Inventory (Live Formulas)'!H37+'Daily Inventory (Live Formulas)'!H38+'Daily Inventory (Live Formulas)'!H39+'Daily Inventory (Live Formulas)'!H40+'Daily Inventory (Live Formulas)'!H41+'Daily Inventory (Live Formulas)'!H42+'Daily Inventory (Live Formulas)'!H43+'Daily Inventory (Live Formulas)'!H44+'Daily Inventory (Live Formulas)'!H45+'Daily Inventory (Live Formulas)'!H46 | G91: SUM
D92: Level Feet | E92: I | F92: ="'Daily Inventory (Live Formulas)'!I37 — Raw data, no formula" | G92: Raw Data
D93: Gravity (Closing) | E93: J | F93: =AVERAGE('Daily Inventory (Live Formulas)'!J37,'Daily Inventory (Live Formulas)'!J38,'Daily Inventory (Live Formulas)'!J39,'Daily Inventory (Live Formulas)'!J40,'Daily Inventory (Live Formulas)'!J41,'Daily Inventory (Live Formulas)'!J42,'Daily Inventory (Live Formulas)'!J43,'Daily Inventory (Live Formulas)'!J44,'Daily Inventory (Live Formulas)'!J45,'Daily Inventory (Live Formulas)'!J46) | G93: AVERAGE
D94: Temperature | E94: K | F94: ="'Daily Inventory (Live Formulas)'!K37 — Raw data, no formula" | G94: Raw Data
D95: Total Water (BBLs) | E95: L | F95: ='Daily Inventory (Live Formulas)'!L37+'Daily Inventory (Live Formulas)'!L38+'Daily Inventory (Live Formulas)'!L39+'Daily Inventory (Live Formulas)'!L40+'Daily Inventory (Live Formulas)'!L41+'Daily Inventory (Live Formulas)'!L42+'Daily Inventory (Live Formulas)'!L43+'Daily Inventory (Live Formulas)'!L44+'Daily Inventory (Live Formulas)'!L45+'Daily Inventory (Live Formulas)'!L46 | G95: SUM
D96: BSW Feet | E96: M | F96: ="'Daily Inventory (Live Formulas)'!M37 — Raw data, no formula" | G96: Raw Data
D97: Volume of Available Product (BBLs) | E97: N | F97: ='Daily Inventory (Live Formulas)'!N37+'Daily Inventory (Live Formulas)'!N38+'Daily Inventory (Live Formulas)'!N39+'Daily Inventory (Live Formulas)'!N40+'Daily Inventory (Live Formulas)'!N41+'Daily Inventory (Live Formulas)'!N42+'Daily Inventory (Live Formulas)'!N43+'Daily Inventory (Live Formulas)'!N44+'Daily Inventory (Live Formulas)'!N45+'Daily Inventory (Live Formulas)'!N46 | G97: SUM
D98: Remaining Capacity (BBLs) | E98: O | F98: ='Daily Inventory (Live Formulas)'!O37+'Daily Inventory (Live Formulas)'!O38+'Daily Inventory (Live Formulas)'!O39+'Daily Inventory (Live Formulas)'!O40+'Daily Inventory (Live Formulas)'!O41+'Daily Inventory (Live Formulas)'!O42+'Daily Inventory (Live Formulas)'!O43+'Daily Inventory (Live Formulas)'!O44+'Daily Inventory (Live Formulas)'!O45+'Daily Inventory (Live Formulas)'!O46 | G98: SUM
D99: Inventory Change Net Vol (BBLs) | E99: P | F99: ='Daily Inventory (Live Formulas)'!P37+'Daily Inventory (Live Formulas)'!P38+'Daily Inventory (Live Formulas)'!P39+'Daily Inventory (Live Formulas)'!P40+'Daily Inventory (Live Formulas)'!P41+'Daily Inventory (Live Formulas)'!P42+'Daily Inventory (Live Formulas)'!P43+'Daily Inventory (Live Formulas)'!P44+'Daily Inventory (Live Formulas)'!P45+'Daily Inventory (Live Formulas)'!P46 | G99: SUM
A100: 9 | B100: Acc_DistillateStock | C100: Distillate Stock | D100: Opening Net Volume (BBLs) | E100: E | F100: ='Daily Inventory (Live Formulas)'!E49+'Daily Inventory (Live Formulas)'!E50 | G100: SUM | H100: TK957, TK958
...

Sheet Formula Pattern Guide
A1: FORMULA PATTERN GUIDE — How Each KPI Total is Calculated
A2: # | B2: KPI Name | C2: Column | D2: Formula Type | E2: Formula Pattern (as written in Excel) | F2: Example — 3 tanks
A3: 1 | B3: Opening Net Volume (BBLs) | C3: E | D3: SUM | E3: =E[row1]+E[row2]+...+E[rowN] | F3: =E4+E5+E6
A4: 2 | B4: Opening Gravity | C4: F | D4: AVERAGE | E4: =AVERAGE(F[row1],F[row2],...,F[rowN]) | F4: =AVERAGE(F4,F5,F6)
A5: 3 | B5: Closing Net Volume (BBLs) | C5: G | D5: SUM | E5: =G[row1]+G[row2]+...+G[rowN] | F5: =G4+G5+G6
A6: 4 | B6: Closing Gross Volume (BBLs) | C6: H | D6: SUM | E6: =H[row1]+H[row2]+...+H[rowN] | F6: =H4+H5+H6
A7: 5 | B7: Level Feet | C7: I | D7: Raw Data | E7: No formula in Total row | F7: Individual tank reading only
A8: 6 | B8: Gravity (Closing) | C8: J | D8: AVERAGE | E8: =AVERAGE(J[row1],J[row2],...,J[rowN]) | F8: =AVERAGE(J4,J5,J6)
A9: 7 | B9: Temperature | C9: K | D9: Raw Data | E9: No formula in Total row | F9: Individual tank reading only
A10: 8 | B10: Total Water (BBLs) | C10: L | D10: SUM | E10: =L[row1]+L[row2]+...+L[rowN] | F10: =L4+L5+L6
A11: 9 | B11: BSW Feet | C11: M | D11: Raw Data | E11: No formula in Total row | F11: Individual tank reading only
A12: 10 | B12: Volume of Available Product (BBLs) | C12: N | D12: SUM | E12: =N[row1]+N[row2]+...+N[rowN] | F12: =N4+N5+N6
A13: 11 | B13: Remaining Capacity (BBLs) | C13: O | D13: SUM | E13: =O[row1]+O[row2]+...+O[rowN] | F13: =O4+O5+O6
A14: 12 | B14: Inventory Change Net Vol (BBLs) | C14: P | D14: SUM | E14: =P[row1]+P[row2]+...+P[rowN] | F14: =P4+P5+P6
